StationFrom,StationTo,TimeInSec
1016,1016,0
1016,1032,1726
1016,1017,133
1016,1033,1663
1016,1018,646
1016,1034,1399
1016,1019,798
1016,1035,1430
1016,1020,1027
1016,1036,1638
1016,1021,1101
1016,1037,1743
1016,1022,1192
1016,1038,1852
1016,1023,1342
1016,1039,1826
1016,1008,661
1016,1024,1440
1016,1009,174
1016,1025,1400
1016,1010,249
1016,1026,1620
1016,1011,561
1016,1027,1862
1016,1012,591
1016,1028,2053
1016,1013,477
1016,1029,1736
1016,1014,807
1016,1030,1552
1016,1015,593
1016,1031,1671
1016,1049,1036
1016,1001,550
1016,1048,1473
1016,1000,495
1016,1003,520
1016,1002,510
1016,1005,477
1016,1004,587
1016,1007,776
1016,1006,475
1016,1041,1661
1016,1040,1504
1016,1043,1828
1016,1042,1092
1016,1045,1460
1016,1044,1711
1016,1047,1564
1016,1046,1540
1032,1016,1312
1032,1032,0
1032,1017,1373
1032,1033,144
1032,1018,972
1032,1034,453
1032,1019,900
1032,1035,598
1032,1020,840
1032,1036,810
1032,1021,697
1032,1037,719
1032,1022,580
1032,1038,996
1032,1023,376
1032,1039,1088
1032,1008,1651
1032,1024,322
1032,1009,1528
1032,1025,588
1032,1010,1602
1032,1026,301
1032,1011,1914
1032,1027,246
1032,1012,2001
1032,1028,321
1032,1013,1869
1032,1029,169
1032,1014,2160
1032,1030,342
1032,1015,1946
1032,1031,93
1032,1049,1836
1032,1001,2117
1032,1048,1679
1032,1000,2108
1032,1003,2005
1032,1002,2027
1032,1005,2046
1032,1004,1853
1032,1007,1720
1032,1006,1736
1032,1041,888
1032,1040,732
1032,1043,1023
1032,1042,1406
1032,1045,1367
1032,1044,1056
1032,1047,1562
1032,1046,1447
1017,1016,105
1017,1032,1678
1017,1017,0
1017,1033,1615
1017,1018,599
1017,1034,1352
1017,1019,750
1017,1035,1383
1017,1020,980
1017,1036,1591
1017,1021,1054
1017,1037,1695
1017,1022,1145
1017,1038,1894
1017,1023,1294
1017,1039,1806
1017,1008,719
1017,1024,1392
1017,1009,233
1017,1025,1353
1017,1010,307
1017,1026,1572
1017,1011,620
1017,1027,1815
1017,1012,649
1017,1028,2005
1017,1013,504
1017,1029,1688
1017,1014,866
1017,1030,1505
1017,1015,651
1017,1031,1623
1017,1049,1094
1017,1001,608
1017,1048,1500
1017,1000,553
1017,1003,578
1017,1002,569
1017,1005,536
1017,1004,646
1017,1007,835
1017,1006,533
1017,1041,1613
1017,1040,1457
1017,1043,1748
1017,1042,1151
1017,1045,1518
1017,1044,1770
1017,1047,1590
1017,1046,1598
1033,1016,1227
1033,1032,106
1033,1017,1288
1033,1033,0
1033,1018,887
1033,1034,348
1033,1019,815
1033,1035,493
1033,1020,755
1033,1036,705
1033,1021,612
1033,1037,614
1033,1022,495
1033,1038,891
1033,1023,291
1033,1039,983
1033,1008,1546
1033,1024,318
1033,1009,1443
1033,1025,584
1033,1010,1517
1033,1026,401
1033,1011,1829
1033,1027,346
1033,1012,1916
1033,1028,415
1033,1013,1784
1033,1029,269
1033,1014,2075
1033,1030,377
1033,1015,1861
1033,1031,193
1033,1049,1731
1033,1001,2012
1033,1048,1574
1033,1000,2003
1033,1003,1900
1033,1002,1922
1033,1005,1941
1033,1004,1748
1033,1007,1615
1033,1006,1631
1033,1041,783
1033,1040,627
1033,1043,918
1033,1042,1301
1033,1045,1262
1033,1044,951
1033,1047,1457
1033,1046,1342
1018,1016,545
1018,1032,1325
1018,1017,543
1018,1033,1262
1018,1018,0
1018,1034,1143
1018,1019,208
1018,1035,1244
1018,1020,566
1018,1036,1455
1018,1021,700
1018,1037,1476
1018,1022,791
1018,1038,1758
1018,1023,941
1018,1039,1670
1018,1008,1150
1018,1024,978
1018,1009,663
1018,1025,938
1018,1010,738
1018,1026,1158
1018,1011,1050
1018,1027,1461
1018,1012,1137
1018,1028,1566
1018,1013,1004
1018,1029,1274
1018,1014,1296
1018,1030,1107
1018,1015,1082
1018,1031,1270
1018,1049,1525
1018,1001,1039
1018,1048,1961
1018,1000,984
1018,1003,1009
1018,1002,999
1018,1005,967
1018,1004,1076
1018,1007,1265
1018,1006,964
1018,1041,1478
1018,1040,1322
1018,1043,1613
1018,1042,1315
1018,1045,1949
1018,1044,1646
1018,1047,2051
1018,1046,2029
1034,1016,1067
1034,1032,416
1034,1017,1083
1034,1033,353
1034,1018,823
1034,1034,0
1034,1019,751
1034,1035,145
1034,1020,691
1034,1036,468
1034,1021,548
1034,1037,438
1034,1022,446
1034,1038,716
1034,1023,374
1034,1039,683
1034,1008,1265
1034,1024,482
1034,1009,1243
1034,1025,764
1034,1010,1317
1034,1026,628
1034,1011,1629
1034,1027,553
1034,1012,1659
1034,1028,737
1034,1013,1527
1034,1029,496
1034,1014,1875
1034,1030,541
1034,1015,1661
1034,1031,361
1034,1049,1383
1034,1001,1664
1034,1048,1226
1034,1000,1655
1034,1003,1552
1034,1002,1574
1034,1005,1593
1034,1004,1400
1034,1007,1334
1034,1006,1350
1034,1041,491
1034,1040,335
1034,1043,626
1034,1042,1020
1034,1045,914
1034,1044,659
1034,1047,1109
1034,1046,994
1019,1016,659
1019,1032,1241
1019,1017,623
1019,1033,1178
1019,1018,196
1019,1034,1059
1019,1019,0
1019,1035,1160
1019,1020,488
1019,1036,1371
1019,1021,616
1019,1037,1392
1019,1022,707
1019,1038,1674
1019,1023,857
1019,1039,1586
1019,1008,1264
1019,1024,902
1019,1009,777
1019,1025,862
1019,1010,852
1019,1026,1082
1019,1011,1164
1019,1027,1377
1019,1012,1273
1019,1028,1490
1019,1013,1140
1019,1029,1198
1019,1014,1670
1019,1030,1067
1019,1015,1196
1019,1031,1186
1019,1049,1639
1019,1001,1153
1019,1048,2086
1019,1000,1098
1019,1003,1123
1019,1002,1113
1019,1005,1081
1019,1004,1190
1019,1007,1379
1019,1006,1078
1019,1041,1394
1019,1040,1238
1019,1043,1529
1019,1042,1429
1019,1045,2063
1019,1044,1562
1019,1047,2176
1019,1046,2143
1035,1016,1099
1035,1032,594
1035,1017,1114
1035,1033,531
1035,1018,926
1035,1034,177
1035,1019,854
1035,1035,0
1035,1020,794
1035,1036,239
1035,1021,650
1035,1037,344
1035,1022,549
1035,1038,542
1035,1023,519
1035,1039,499
1035,1008,1165
1035,1024,660
1035,1009,1274
1035,1025,920
1035,1010,1072
1035,1026,806
1035,1011,1262
1035,1027,730
1035,1012,1391
1035,1028,915
1035,1013,1220
1035,1029,674
1035,1014,1667
1035,1030,718
1035,1015,1465
1035,1031,539
1035,1049,933
1035,1001,1656
1035,1048,753
1035,1000,1647
1035,1003,1544
1035,1002,1565
1035,1005,895
1035,1004,1392
1035,1007,742
1035,1006,874
1035,1041,193
1035,1040,106
1035,1043,432
1035,1042,919
1035,1045,906
1035,1044,465
1035,1047,674
1035,1046,986
1020,1016,678
1020,1032,803
1020,1017,642
1020,1033,829
1020,1018,214
1020,1034,669
1020,1019,92
1020,1035,770
1020,1020,0
1020,1036,981
1020,1021,268
1020,1037,1002
1020,1022,359
1020,1038,1284
1020,1023,508
1020,1039,1196
1020,1008,1283
1020,1024,492
1020,1009,796
1020,1025,452
1020,1010,871
1020,1026,672
1020,1011,1183
1020,1027,868
1020,1012,1365
1020,1028,1080
1020,1013,1233
1020,1029,788
1020,1014,1429
1020,1030,621
1020,1015,1215
1020,1031,721
1020,1049,1658
1020,1001,1172
1020,1048,1863
1020,1000,1117
1020,1003,1142
1020,1002,1132
1020,1005,1100
1020,1004,1210
1020,1007,1398
1020,1006,1097
1020,1041,1004
1020,1040,848
1020,1043,1139
1020,1042,1375
1020,1045,1551
1020,1044,1172
1020,1047,1776
1020,1046,1631
1036,1016,1298
1036,1032,790
1036,1017,1314
1036,1033,727
1036,1018,1125
1036,1034,299
1036,1019,1053
1036,1035,231
1036,1020,993
1036,1036,0
1036,1021,850
1036,1037,105
1036,1022,748
1036,1038,303
1036,1023,748
1036,1039,278
1036,1008,1294
1036,1024,856
1036,1009,1171
1036,1025,1120
1036,1010,1139
1036,1026,1002
1036,1011,1585
1036,1027,926
1036,1012,1690
1036,1028,1159
1036,1013,1287
1036,1029,870
1036,1014,1971
1036,1030,914
1036,1015,1532
1036,1031,735
1036,1049,1194
1036,1001,1346
1036,1048,1037
1036,1000,1337
1036,1003,1234
1036,1002,1256
1036,1005,1275
1036,1004,1082
1036,1007,809
1036,1006,941
1036,1041,225
1036,1040,149
1036,1043,266
1036,1042,1049
1036,1045,725
1036,1044,299
1036,1047,741
1036,1046,758
1021,1016,671
1021,1032,692
1021,1017,787
1021,1033,629
1021,1018,331
1021,1034,510
1021,1019,291
1021,1035,611
1021,1020,198
1021,1036,823
1021,1021,0
1021,1037,843
1021,1022,159
1021,1038,1126
1021,1023,308
1021,1039,1038
1021,1008,1462
1021,1024,389
1021,1009,942
1021,1025,424
1021,1010,1016
1021,1026,569
1021,1011,1329
1021,1027,766
1021,1012,1415
1021,1028,977
1021,1013,1283
1021,1029,685
1021,1014,1575
1021,1030,519
1021,1015,1360
1021,1031,637
1021,1049,1861
1021,1001,1317
1021,1048,1704
1021,1000,1262
1021,1003,1288
1021,1002,1278
1021,1005,1245
1021,1004,1355
1021,1007,1531
1021,1006,1242
1021,1041,845
1021,1040,689
1021,1043,981
1021,1042,1216
1021,1045,1392
1021,1044,1014
1021,1047,1617
1021,1046,1472
1037,1016,1389
1037,1032,684
1037,1017,1405
1037,1033,621
1037,1018,1149
1037,1034,468
1037,1019,1077
1037,1035,322
1037,1020,1016
1037,1036,91
1037,1021,873
1037,1037,0
1037,1022,772
1037,1038,277
1037,1023,643
1037,1039,369
1037,1008,1385
1037,1024,750
1037,1009,1261
1037,1025,1032
1037,1010,1230
1037,1026,896
1037,1011,1676
1037,1027,821
1037,1012,1781
1037,1028,1053
1037,1013,1378
1037,1029,764
1037,1014,2062
1037,1030,809
1037,1015,1623
1037,1031,629
1037,1049,1285
1037,1001,1437
1037,1048,1128
1037,1000,1428
1037,1003,1325
1037,1002,1346
1037,1005,1366
1037,1004,1173
1037,1007,900
1037,1006,1032
1037,1041,316
1037,1040,240
1037,1043,357
1037,1042,1140
1037,1045,816
1037,1044,390
1037,1047,832
1037,1046,849
1022,1016,732
1022,1032,534
1022,1017,793
1022,1033,471
1022,1018,392
1022,1034,395
1022,1019,320
1022,1035,496
1022,1020,260
1022,1036,707
1022,1021,117
1022,1037,728
1022,1022,0
1022,1038,1010
1022,1023,150
1022,1039,922
1022,1008,1346
1022,1024,284
1022,1009,947
1022,1025,371
1022,1010,1022
1022,1026,455
1022,1011,1334
1022,1027,670
1022,1012,1421
1022,1028,861
1022,1013,1289
1022,1029,543
1022,1014,1580
1022,1030,360
1022,1015,1366
1022,1031,479
1022,1049,1746
1022,1001,1323
1022,1048,1589
1022,1000,1268
1022,1003,1293
1022,1002,1284
1022,1005,1251
1022,1004,1361
1022,1007,1415
1022,1006,1248
1022,1041,730
1022,1040,574
1022,1043,865
1022,1042,1101
1022,1045,1277
1022,1044,898
1022,1047,1502
1022,1046,1357
1038,1016,1502
1038,1032,1102
1038,1017,1552
1038,1033,1039
1038,1018,1398
1038,1034,592
1038,1019,1326
1038,1035,534
1038,1020,1266
1038,1036,312
1038,1021,1122
1038,1037,417
1038,1022,1021
1038,1038,0
1038,1023,991
1038,1039,98
1038,1008,966
1038,1024,1168
1038,1009,1365
1038,1025,1392
1038,1010,1301
1038,1026,1314
1038,1011,1429
1038,1027,1238
1038,1012,1534
1038,1028,1471
1038,1013,1413
1038,1029,1182
1038,1014,1815
1038,1030,1226
1038,1015,1671
1038,1031,1047
1038,1049,1038
1038,1001,1190
1038,1048,880
1038,1000,1181
1038,1003,1078
1038,1002,1099
1038,1005,1118
1038,1004,926
1038,1007,803
1038,1006,1138
1038,1041,277
1038,1040,434
1038,1043,245
1038,1042,1321
1038,1045,569
1038,1044,135
1038,1047,717
1038,1046,602
1023,1016,936
1023,1032,384
1023,1017,997
1023,1033,321
1023,1018,596
1023,1034,373
1023,1019,524
1023,1035,515
1023,1020,464
1023,1036,730
1023,1021,320
1023,1037,639
1023,1022,204
1023,1038,916
1023,1023,0
1023,1039,929
1023,1008,1365
1023,1024,151
1023,1009,1151
1023,1025,430
1023,1010,1226
1023,1026,322
1023,1011,1538
1023,1027,520
1023,1012,1625
1023,1028,711
1023,1013,1492
1023,1029,410
1023,1014,1784
1023,1030,227
1023,1015,1570
1023,1031,329
1023,1049,1756
1023,1001,1527
1023,1048,1599
1023,1000,1472
1023,1003,1497
1023,1002,1487
1023,1005,1455
1023,1004,1773
1023,1007,1434
1023,1006,1452
1023,1041,736
1023,1040,580
1023,1043,871
1023,1042,1120
1023,1045,1287
1023,1044,904
1023,1047,1483
1023,1046,1367
1039,1016,1447
1039,1032,982
1039,1017,1497
1039,1033,920
1039,1018,1289
1039,1034,506
1039,1019,1217
1039,1035,413
1039,1020,1156
1039,1036,222
1039,1021,1013
1039,1037,327
1039,1022,912
1039,1038,251
1039,1023,882
1039,1039,0
1039,1008,901
1039,1024,1049
1039,1009,1310
1039,1025,1283
1039,1010,1246
1039,1026,1195
1039,1011,1374
1039,1027,1119
1039,1012,1479
1039,1028,1381
1039,1013,1358
1039,1029,1062
1039,1014,1759
1039,1030,1107
1039,1015,1615
1039,1031,927
1039,1049,983
1039,1001,1135
1039,1048,825
1039,1000,1126
1039,1003,1022
1039,1002,1044
1039,1005,1063
1039,1004,871
1039,1007,738
1039,1006,1083
1039,1041,179
1039,1040,312
1039,1043,153
1039,1042,1212
1039,1045,514
1039,1044,88
1039,1047,662
1039,1046,547
1008,1016,591
1008,1032,1686
1008,1017,642
1008,1033,1623
1008,1018,1194
1008,1034,1318
1008,1019,1346
1008,1035,1226
1008,1020,1576
1008,1036,1348
1008,1021,1557
1008,1037,1453
1008,1022,1456
1008,1038,1651
1008,1023,1441
1008,1039,1404
1008,1008,0
1008,1024,1562
1008,1009,454
1008,1025,1827
1008,1010,423
1008,1026,1733
1008,1011,613
1008,1027,1822
1008,1012,742
1008,1028,2007
1008,1013,571
1008,1029,1766
1008,1014,1018
1008,1030,1638
1008,1015,816
1008,1031,1631
1008,1049,727
1008,1001,519
1008,1048,733
1008,1000,551
1008,1003,443
1008,1002,433
1008,1005,365
1008,1004,374
1008,1007,264
1008,1006,230
1008,1041,1169
1008,1040,1215
1008,1043,859
1008,1042,432
1008,1045,849
1008,1044,944
1008,1047,654
1008,1046,760
1024,1016,1171
1024,1032,311
1024,1017,1134
1024,1033,309
1024,1018,707
1024,1034,480
1024,1019,637
1024,1035,625
1024,1020,545
1024,1036,837
1024,1021,429
1024,1037,746
1024,1022,312
1024,1038,1023
1024,1023,163
1024,1039,1115
1024,1008,1512
1024,1024,0
1024,1009,1289
1024,1025,265
1024,1010,1363
1024,1026,244
1024,1011,1676
1024,1027,447
1024,1012,1762
1024,1028,624
1024,1013,1630
1024,1029,332
1024,1014,1922
1024,1030,149
1024,1015,1707
1024,1031,229
1024,1049,1863
1024,1001,1664
1024,1048,1706
1024,1000,1609
1024,1003,1634
1024,1002,1625
1024,1005,1592
1024,1004,1880
1024,1007,1581
1024,1006,1589
1024,1041,915
1024,1040,759
1024,1043,1050
1024,1042,1267
1024,1045,1394
1024,1044,1083
1024,1047,1589
1024,1046,1474
1009,1016,205
1009,1032,1887
1009,1017,218
1009,1033,1824
1009,1018,808
1009,1034,1561
1009,1019,960
1009,1035,1592
1009,1020,1189
1009,1036,1800
1009,1021,1263
1009,1037,1905
1009,1022,1354
1009,1038,1718
1009,1023,1503
1009,1039,1692
1009,1008,527
1009,1024,1601
1009,1009,0
1009,1025,1562
1009,1010,126
1009,1026,1782
1009,1011,429
1009,1027,2024
1009,1012,532
1009,1028,2214
1009,1013,361
1009,1029,1897
1009,1014,809
1009,1030,1714
1009,1015,606
1009,1031,1832
1009,1049,913
1009,1001,427
1009,1048,1357
1009,1000,372
1009,1003,397
1009,1002,387
1009,1005,343
1009,1004,464
1009,1007,642
1009,1006,328
1009,1041,1823
1009,1040,1666
1009,1043,1694
1009,1042,958
1009,1045,1325
1009,1044,1577
1009,1047,1448
1009,1046,1405
1025,1016,981
1025,1032,456
1025,1017,944
1025,1033,454
1025,1018,517
1025,1034,624
1025,1019,448
1025,1035,766
1025,1020,355
1025,1036,981
1025,1021,413
1025,1037,890
1025,1022,371
1025,1038,1168
1025,1023,266
1025,1039,1180
1025,1008,1586
1025,1024,145
1025,1009,1099
1025,1025,0
1025,1010,1174
1025,1026,173
1025,1011,1486
1025,1027,399
1025,1012,1572
1025,1028,610
1025,1013,1440
1025,1029,318
1025,1014,1732
1025,1030,191
1025,1015,1517
1025,1031,375
1025,1049,1960
1025,1001,1474
1025,1048,1850
1025,1000,1419
1025,1003,1445
1025,1002,1435
1025,1005,1402
1025,1004,1512
1025,1007,1686
1025,1006,1399
1025,1041,988
1025,1040,831
1025,1043,1123
1025,1042,1371
1025,1045,1538
1025,1044,1156
1025,1047,1734
1025,1046,1618
1010,1016,271
1010,1032,1954
1010,1017,405
1010,1033,1891
1010,1018,874
1010,1034,1628
1010,1019,1026
1010,1035,1659
1010,1020,1256
1010,1036,1806
1010,1021,1330
1010,1037,1911
1010,1022,1420
1010,1038,1603
1010,1023,1570
1010,1039,1577
1010,1008,458
1010,1024,1668
1010,1009,134
1010,1025,1628
1010,1010,0
1010,1026,1848
1010,1011,349
1010,1027,2090
1010,1012,453
1010,1028,2281
1010,1013,282
1010,1029,1964
1010,1014,729
1010,1030,1780
1010,1015,527
1010,1031,1899
1010,1049,800
1010,1001,335
1010,1048,1278
1010,1000,280
1010,1003,284
1010,1002,269
1010,1005,261
1010,1004,352
1010,1007,508
1010,1006,239
1010,1041,1627
1010,1040,1673
1010,1043,1579
1010,1042,890
1010,1045,1211
1010,1044,1462
1010,1047,1368
1010,1046,1291
1026,1016,1212
1026,1032,276
1026,1017,1272
1026,1033,414
1026,1018,872
1026,1034,611
1026,1019,813
1026,1035,756
1026,1020,720
1026,1036,968
1026,1021,596
1026,1037,877
1026,1022,479
1026,1038,1155
1026,1023,330
1026,1039,1247
1026,1008,1661
1026,1024,181
1026,1009,1427
1026,1025,440
1026,1010,1501
1026,1026,0
1026,1011,1814
1026,1027,266
1026,1012,1900
1026,1028,477
1026,1013,1768
1026,1029,185
1026,1014,2060
1026,1030,172
1026,1015,1845
1026,1031,278
1026,1049,1994
1026,1001,1802
1026,1048,1837
1026,1000,1747
1026,1003,1773
1026,1002,1763
1026,1005,1730
1026,1004,2012
1026,1007,1731
1026,1006,1727
1026,1041,1046
1026,1040,890
1026,1043,1182
1026,1042,1416
1026,1045,1525
1026,1044,1215
1026,1047,1721
1026,1046,1605
1011,1016,631
1011,1032,2313
1011,1017,727
1011,1033,2250
1011,1018,1234
1011,1034,2148
1011,1019,1386
1011,1035,2199
1011,1020,1615
1011,1036,1874
1011,1021,1689
1011,1037,1986
1011,1022,1780
1011,1038,1737
1011,1023,1929
1011,1039,1711
1011,1008,795
1011,1024,2027
1011,1009,494
1011,1025,1988
1011,1010,421
1011,1026,2208
1011,1011,0
1011,1027,2450
1011,1012,505
1011,1028,2640
1011,1013,361
1011,1029,2323
1011,1014,786
1011,1030,2140
1011,1015,651
1011,1031,2258
1011,1049,1130
1011,1001,272
1011,1048,1214
1011,1000,241
1011,1003,419
1011,1002,307
1011,1005,463
1011,1004,485
1011,1007,665
1011,1006,523
1011,1041,1841
1011,1040,2009
1011,1043,1713
1011,1042,1226
1011,1045,1476
1011,1044,1596
1011,1047,1305
1011,1046,1555
1027,1016,1408
1027,1032,183
1027,1017,1468
1027,1033,321
1027,1018,1067
1027,1034,530
1027,1019,995
1027,1035,675
1027,1020,920
1027,1036,887
1027,1021,792
1027,1037,796
1027,1022,675
1027,1038,1074
1027,1023,471
1027,1039,1166
1027,1008,1728
1027,1024,380
1027,1009,1623
1027,1025,639
1027,1010,1697
1027,1026,244
1027,1011,2010
1027,1027,0
1027,1012,2096
1027,1028,227
1027,1013,1964
1027,1029,75
1027,1014,2256
1027,1030,285
1027,1015,2041
1027,1031,177
1027,1049,1913
1027,1001,2194
1027,1048,1756
1027,1000,2185
1027,1003,2082
1027,1002,2104
1027,1005,2123
1027,1004,1931
1027,1007,1797
1027,1006,1813
1027,1041,965
1027,1040,809
1027,1043,1100
1027,1042,1483
1027,1045,1444
1027,1044,1134
1027,1047,1640
1027,1046,1524
1012,1016,644
1012,1032,2263
1012,1017,740
1012,1033,2200
1012,1018,1183
1012,1034,2081
1012,1019,1335
1012,1035,2182
1012,1020,1565
1012,1036,2045
1012,1021,1638
1012,1037,2414
1012,1022,1729
1012,1038,1908
1012,1023,1879
1012,1039,1882
1012,1008,869
1012,1024,1977
1012,1009,543
1012,1025,1937
1012,1010,432
1012,1026,2157
1012,1011,367
1012,1027,2399
1012,1012,0
1012,1028,2590
1012,1013,210
1012,1029,2273
1012,1014,512
1012,1030,2089
1012,1015,504
1012,1031,2208
1012,1049,1150
1012,1001,462
1012,1048,1234
1012,1000,420
1012,1003,590
1012,1002,485
1012,1005,614
1012,1004,656
1012,1007,861
1012,1006,590
1012,1041,2012
1012,1040,2083
1012,1043,1884
1012,1042,1300
1012,1045,1496
1012,1044,1767
1012,1047,1325
1012,1046,1576
1028,1016,1586
1028,1032,280
1028,1017,1647
1028,1033,418
1028,1018,1246
1028,1034,707
1028,1019,1174
1028,1035,852
1028,1020,1099
1028,1036,1100
1028,1021,971
1028,1037,1009
1028,1022,854
1028,1038,1286
1028,1023,650
1028,1039,1379
1028,1008,1905
1028,1024,559
1028,1009,1802
1028,1025,819
1028,1010,1876
1028,1026,423
1028,1011,2188
1028,1027,210
1028,1012,2275
1028,1028,0
1028,1013,2143
1028,1029,229
1028,1014,2434
1028,1030,464
1028,1015,2220
1028,1031,368
1028,1049,2090
1028,1001,2371
1028,1048,1933
1028,1000,2362
1028,1003,2259
1028,1002,2281
1028,1005,2300
1028,1004,2107
1028,1007,1974
1028,1006,1990
1028,1041,1142
1028,1040,986
1028,1043,1366
1028,1042,1660
1028,1045,1621
1028,1044,1399
1028,1047,1816
1028,1046,1701
1013,1016,530
1013,1032,2119
1013,1017,551
1013,1033,2056
1013,1018,1039
1013,1034,1937
1013,1019,1191
1013,1035,2038
1013,1020,1421
1013,1036,2027
1013,1021,1494
1013,1037,2270
1013,1022,1585
1013,1038,1794
1013,1023,1735
1013,1039,1768
1013,1008,679
1013,1024,1833
1013,1009,393
1013,1025,1793
1013,1010,298
1013,1026,2013
1013,1011,221
1013,1027,2255
1013,1012,200
1013,1028,2446
1013,1013,0
1013,1029,2129
1013,1014,522
1013,1030,1945
1013,1015,319
1013,1031,2064
1013,1049,1172
1013,1001,315
1013,1048,1256
1013,1000,273
1013,1003,445
1013,1002,339
1013,1005,425
1013,1004,521
1013,1007,671
1013,1006,400
1013,1041,1848
1013,1040,1894
1013,1043,1770
1013,1042,1110
1013,1045,1518
1013,1044,1653
1013,1047,1347
1013,1046,1598
1029,1016,1337
1029,1032,154
1029,1017,1397
1029,1033,292
1029,1018,997
1029,1034,506
1029,1019,938
1029,1035,651
1029,1020,845
1029,1036,863
1029,1021,721
1029,1037,772
1029,1022,604
1029,1038,1050
1029,1023,414
1029,1039,1142
1029,1008,1704
1029,1024,306
1029,1009,1552
1029,1025,565
1029,1010,1626
1029,1026,169
1029,1011,1939
1029,1027,123
1029,1012,2025
1029,1028,265
1029,1013,1893
1029,1029,0
1029,1014,2185
1029,1030,210
1029,1015,1970
1029,1031,156
1029,1049,1889
1029,1001,1927
1029,1048,1732
1029,1000,2161
1029,1003,2058
1029,1002,2080
1029,1005,2099
1029,1004,1907
1029,1007,1774
1029,1006,1789
1029,1041,941
1029,1040,785
1029,1043,1076
1029,1042,1459
1029,1045,1420
1029,1044,1110
1029,1047,1616
1029,1046,1500
1014,1016,721
1014,1032,2374
1014,1017,773
1014,1033,2311
1014,1018,1295
1014,1034,2192
1014,1019,1446
1014,1035,2109
1014,1020,1676
1014,1036,2249
1014,1021,1750
1014,1037,2525
1014,1022,1840
1014,1038,1964
1014,1023,1990
1014,1039,1939
1014,1008,901
1014,1024,2088
1014,1009,585
1014,1025,2049
1014,1010,474
1014,1026,2268
1014,1011,412
1014,1027,2510
1014,1012,417
1014,1028,2701
1014,1013,247
1014,1029,2384
1014,1014,0
1014,1030,2201
1014,1015,218
1014,1031,2319
1014,1049,1295
1014,1001,507
1014,1048,1380
1014,1000,465
1014,1003,649
1014,1002,531
1014,1005,647
1014,1004,713
1014,1007,888
1014,1006,622
1014,1041,2068
1014,1040,2116
1014,1043,1940
1014,1042,1333
1014,1045,1641
1014,1044,1823
1014,1047,1470
1014,1046,1721
1030,1016,1158
1030,1032,273
1030,1017,1218
1030,1033,336
1030,1018,818
1030,1034,507
1030,1019,746
1030,1035,652
1030,1020,685
1030,1036,864
1030,1021,542
1030,1037,773
1030,1022,425
1030,1038,1051
1030,1023,222
1030,1039,1143
1030,1008,1542
1030,1024,177
1030,1009,1373
1030,1025,442
1030,1010,1448
1030,1026,158
1030,1011,1760
1030,1027,263
1030,1012,1846
1030,1028,474
1030,1013,1714
1030,1029,182
1030,1014,2006
1030,1030,0
1030,1015,1791
1030,1031,187
1030,1049,1890
1030,1001,1748
1030,1048,1733
1030,1000,1693
1030,1003,1719
1030,1002,1709
1030,1005,1676
1030,1004,1908
1030,1007,1611
1030,1006,1627
1030,1041,913
1030,1040,756
1030,1043,1048
1030,1042,1296
1030,1045,1421
1030,1044,1081
1030,1047,1617
1030,1046,1501
1015,1016,573
1015,1032,2351
1015,1017,735
1015,1033,2288
1015,1018,1271
1015,1034,1929
1015,1019,1423
1015,1035,1961
1015,1020,1653
1015,1036,2168
1015,1021,1726
1015,1037,2273
1015,1022,1817
1015,1038,2025
1015,1023,1967
1015,1039,1999
1015,1008,943
1015,1024,2065
1015,1009,550
1015,1025,2025
1015,1010,439
1015,1026,2245
1015,1011,453
1015,1027,2487
1015,1012,499
1015,1028,2678
1015,1013,288
1015,1029,2361
1015,1014,291
1015,1030,2177
1015,1015,0
1015,1031,2296
1015,1049,1424
1015,1001,548
1015,1048,1508
1015,1000,506
1015,1003,706
1015,1002,591
1015,1005,682
1015,1004,773
1015,1007,930
1015,1006,661
1015,1041,2112
1015,1040,2034
1015,1043,2001
1015,1042,1374
1015,1045,1770
1015,1044,1884
1015,1047,1599
1015,1046,1850
1031,1016,1268
1031,1032,112
1031,1017,1329
1031,1033,220
1031,1018,928
1031,1034,391
1031,1019,856
1031,1035,536
1031,1020,796
1031,1036,748
1031,1021,652
1031,1037,657
1031,1022,536
1031,1038,934
1031,1023,332
1031,1039,1026
1031,1008,1589
1031,1024,246
1031,1009,1483
1031,1025,512
1031,1010,1558
1031,1026,324
1031,1011,1870
1031,1027,255
1031,1012,1957
1031,1028,433
1031,1013,1824
1031,1029,192
1031,1014,2116
1031,1030,305
1031,1015,1902
1031,1031,0
1031,1049,1774
1031,1001,2055
1031,1048,1616
1031,1000,2046
1031,1003,1943
1031,1002,1964
1031,1005,1983
1031,1004,1791
1031,1007,1658
1031,1006,1674
1031,1041,826
1031,1040,669
1031,1043,961
1031,1042,1343
1031,1045,1305
1031,1044,994
1031,1047,1500
1031,1046,1385
1049,1016,1012
1049,1032,2038
1049,1017,1061
1049,1033,1975
1049,1018,1616
1049,1034,1622
1049,1019,1767
1049,1035,1673
1049,1020,1997
1049,1036,1062
1049,1021,2158
1049,1037,1167
1049,1022,2056
1049,1038,1298
1049,1023,1996
1049,1039,1272
1049,1008,940
1049,1024,2104
1049,1009,876
1049,1025,2386
1049,1010,781
1049,1026,2250
1049,1011,904
1049,1027,2174
1049,1012,1160
1049,1028,2359
1049,1013,906
1049,1029,2118
1049,1014,1441
1049,1030,2163
1049,1015,1151
1049,1031,1983
1049,1049,0
1049,1001,676
1049,1048,170
1049,1000,667
1049,1003,535
1049,1002,580
1049,1005,690
1049,1004,597
1049,1007,777
1049,1006,541
1049,1041,955
1049,1040,1157
1049,1043,833
1049,1042,975
1049,1045,445
1049,1044,1157
1049,1047,260
1049,1046,375
1001,1016,519
1001,1032,2326
1001,1017,568
1001,1033,2263
1001,1018,1122
1001,1034,1910
1001,1019,1274
1001,1035,1961
1001,1020,1504
1001,1036,1635
1001,1021,1577
1001,1037,1747
1001,1022,1668
1001,1038,1498
1001,1023,1818
1001,1039,1472
1001,1008,552
1001,1024,1916
1001,1009,382
1001,1025,1876
1001,1010,309
1001,1026,2096
1001,1011,281
1001,1027,2462
1001,1012,441
1001,1028,2647
1001,1013,265
1001,1029,2212
1001,1014,758
1001,1030,2028
1001,1015,556
1001,1031,2271
1001,1049,699
1001,1001,0
1001,1048,1163
1001,1000,114
1001,1003,183
1001,1002,65
1001,1005,221
1001,1004,247
1001,1007,422
1001,1006,281
1001,1041,1602
1001,1040,1767
1001,1043,1474
1001,1042,984
1001,1045,1106
1001,1044,1357
1001,1047,1253
1001,1046,1186
1048,1016,1134
1048,1032,1890
1048,1017,1564
1048,1033,1827
1048,1018,2094
1048,1034,1473
1048,1019,1889
1048,1035,1524
1048,1020,2152
1048,1036,1287
1048,1021,2009
1048,1037,1399
1048,1022,1908
1048,1038,1150
1048,1023,1848
1048,1039,1124
1048,1008,916
1048,1024,1956
1048,1009,997
1048,1025,2237
1048,1010,903
1048,1026,2102
1048,1011,1282
1048,1027,2026
1048,1012,1227
1048,1028,2211
1048,1013,1301
1048,1029,1970
1048,1014,1508
1048,1030,2014
1048,1015,1547
1048,1031,1835
1048,1049,174
1048,1001,798
1048,1048,0
1048,1000,789
1048,1003,656
1048,1002,701
1048,1005,866
1048,1004,748
1048,1007,753
1048,1006,553
1048,1041,931
1048,1040,1132
1048,1043,809
1048,1042,950
1048,1045,392
1048,1044,1009
1048,1047,108
1048,1046,302
1000,1016,516
1000,1032,2353
1000,1017,565
1000,1033,2290
1000,1018,1120
1000,1034,1936
1000,1019,1271
1000,1035,1987
1000,1020,1501
1000,1036,1662
1000,1021,1575
1000,1037,1774
1000,1022,1665
1000,1038,1525
1000,1023,1815
1000,1039,1499
1000,1008,579
1000,1024,1913
1000,1009,380
1000,1025,1874
1000,1010,306
1000,1026,2093
1000,1011,273
1000,1027,2489
1000,1012,447
1000,1028,2674
1000,1013,284
1000,1029,2433
1000,1014,777
1000,1030,2026
1000,1015,575
1000,1031,2298
1000,1049,723
1000,1001,56
1000,1048,880
1000,1000,0
1000,1003,207
1000,1002,92
1000,1005,314
1000,1004,273
1000,1007,504
1000,1006,308
1000,1041,1629
1000,1040,1794
1000,1043,1501
1000,1042,1011
1000,1045,1133
1000,1044,1384
1000,1047,971
1000,1046,1213
1003,1016,508
1003,1032,2224
1003,1017,557
1003,1033,2161
1003,1018,1111
1003,1034,1808
1003,1019,1263
1003,1035,1859
1003,1020,1493
1003,1036,1533
1003,1021,1566
1003,1037,1645
1003,1022,1657
1003,1038,1396
1003,1023,1807
1003,1039,1370
1003,1008,528
1003,1024,1905
1003,1009,371
1003,1025,1865
1003,1010,277
1003,1026,2085
1003,1011,400
1003,1027,2360
1003,1012,516
1003,1028,2545
1003,1013,402
1003,1029,2304
1003,1014,797
1003,1030,2017
1003,1015,647
1003,1031,2169
1003,1049,567
1003,1001,165
1003,1048,725
1003,1000,163
1003,1003,0
1003,1002,75
1003,1005,186
1003,1004,145
1003,1007,375
1003,1006,257
1003,1041,1500
1003,1040,1743
1003,1043,1372
1003,1042,960
1003,1045,1004
1003,1044,1255
1003,1047,815
1003,1046,1084
1002,1016,539
1002,1032,2316
1002,1017,587
1002,1033,2253
1002,1018,1142
1002,1034,1900
1002,1019,1294
1002,1035,1951
1002,1020,1523
1002,1036,1626
1002,1021,1597
1002,1037,1738
1002,1022,1688
1002,1038,1489
1002,1023,1837
1002,1039,1463
1002,1008,565
1002,1024,1935
1002,1009,402
1002,1025,1896
1002,1010,329
1002,1026,2115
1002,1011,325
1002,1027,2453
1002,1012,484
1002,1028,2637
1002,1013,309
1002,1029,2396
1002,1014,802
1002,1030,2048
1002,1015,599
1002,1031,2261
1002,1049,686
1002,1001,85
1002,1048,844
1002,1000,120
1002,1003,171
1002,1002,0
1002,1005,233
1002,1004,237
1002,1007,435
1002,1006,293
1002,1041,1593
1002,1040,1779
1002,1043,1465
1002,1042,996
1002,1045,1096
1002,1044,1348
1002,1047,935
1002,1046,1176
1005,1016,453
1005,1032,2228
1005,1017,501
1005,1033,2165
1005,1018,1056
1005,1034,1812
1005,1019,1207
1005,1035,1863
1005,1020,1437
1005,1036,1538
1005,1021,1511
1005,1037,1649
1005,1022,1602
1005,1038,1400
1005,1023,1751
1005,1039,1375
1005,1008,423
1005,1024,1849
1005,1009,316
1005,1025,1810
1005,1010,221
1005,1026,2029
1005,1011,389
1005,1027,2365
1005,1012,517
1005,1028,2549
1005,1013,346
1005,1029,2308
1005,1014,794
1005,1030,1962
1005,1015,591
1005,1031,2173
1005,1049,597
1005,1001,152
1005,1048,755
1005,1000,189
1005,1003,81
1005,1002,67
1005,1005,0
1005,1004,149
1005,1007,268
1005,1006,152
1005,1041,1504
1005,1040,1638
1005,1043,1376
1005,1042,855
1005,1045,1008
1005,1044,1260
1005,1047,845
1005,1046,1088
1004,1016,586
1004,1032,2079
1004,1017,636
1004,1033,2016
1004,1018,1189
1004,1034,1663
1004,1019,1341
1004,1035,1714
1004,1020,1571
1004,1036,1389
1004,1021,1644
1004,1037,1500
1004,1022,1735
1004,1038,1251
1004,1023,2038
1004,1039,1226
1004,1008,478
1004,1024,2145
1004,1009,449
1004,1025,1943
1004,1010,374
1004,1026,2291
1004,1011,497
1004,1027,2216
1004,1012,618
1004,1028,2400
1004,1013,481
1004,1029,2159
1004,1014,899
1004,1030,2204
1004,1015,744
1004,1031,2024
1004,1049,609
1004,1001,274
1004,1048,760
1004,1000,265
1004,1003,159
1004,1002,172
1004,1005,202
1004,1004,0
1004,1007,329
1004,1006,212
1004,1041,1355
1004,1040,1489
1004,1043,1228
1004,1042,909
1004,1045,859
1004,1044,1111
1004,1047,851
1004,1046,939
1007,1016,648
1007,1032,1875
1007,1017,698
1007,1033,1812
1007,1018,1251
1007,1034,1506
1007,1019,1403
1007,1035,1415
1007,1020,1632
1007,1036,864
1007,1021,1706
1007,1037,969
1007,1022,1645
1007,1038,950
1007,1023,1630
1007,1039,848
1007,1008,313
1007,1024,1751
1007,1009,511
1007,1025,2005
1007,1010,480
1007,1026,1922
1007,1011,670
1007,1027,2011
1007,1012,798
1007,1028,2196
1007,1013,627
1007,1029,1955
1007,1014,1075
1007,1030,1827
1007,1015,872
1007,1031,1820
1007,1049,689
1007,1001,454
1007,1048,508
1007,1000,489
1007,1003,384
1007,1002,369
1007,1005,302
1007,1004,368
1007,1007,0
1007,1006,282
1007,1041,757
1007,1040,871
1007,1043,635
1007,1042,620
1007,1045,625
1007,1044,719
1007,1047,430
1007,1046,535
1006,1016,373
1006,1032,1961
1006,1017,424
1006,1033,1898
1006,1018,976
1006,1034,1816
1006,1019,1128
1006,1035,1501
1006,1020,1358
1006,1036,1623
1006,1021,1431
1006,1037,1728
1006,1022,1522
1006,1038,1404
1006,1023,1672
1006,1039,1378
1006,1008,275
1006,1024,1770
1006,1009,236
1006,1025,1730
1006,1010,205
1006,1026,1950
1006,1011,387
1006,1027,2097
1006,1012,516
1006,1028,2282
1006,1013,345
1006,1029,2041
1006,1014,792
1006,1030,1882
1006,1015,590
1006,1031,1906
1006,1049,506
1006,1001,288
1006,1048,890
1006,1000,327
1006,1003,217
1006,1002,203
1006,1005,155
1006,1004,153
1006,1007,262
1006,1006,0
1006,1041,1444
1006,1040,1490
1006,1043,1380
1006,1042,707
1006,1045,1012
1006,1044,1263
1006,1047,645
1006,1046,1092
1041,1016,1081
1041,1032,827
1041,1017,1132
1041,1033,764
1041,1018,1133
1041,1034,459
1041,1019,1061
1041,1035,369
1041,1020,1001
1041,1036,204
1041,1021,858
1041,1037,309
1041,1022,756
1041,1038,392
1041,1023,726
1041,1039,279
1041,1008,746
1041,1024,893
1041,1009,944
1041,1025,1127
1041,1010,913
1041,1026,1039
1041,1011,1103
1041,1027,963
1041,1012,1232
1041,1028,1148
1041,1013,1061
1041,1029,907
1041,1014,1508
1041,1030,951
1041,1015,1306
1041,1031,772
1041,1049,774
1041,1001,1294
1041,1048,594
1041,1000,1285
1041,1003,817
1041,1002,802
1041,1005,736
1041,1004,1030
1041,1007,583
1041,1006,715
1041,1041,0
1041,1040,231
1041,1043,214
1041,1042,894
1041,1045,673
1041,1044,247
1041,1047,515
1041,1046,706
1040,1016,1150
1040,1032,670
1040,1017,1165
1040,1033,607
1040,1018,976
1040,1034,302
1040,1019,904
1040,1035,219
1040,1020,844
1040,1036,134
1040,1021,701
1040,1037,238
1040,1022,599
1040,1038,437
1040,1023,569
1040,1039,349
1040,1008,1145
1040,1024,736
1040,1009,1015
1040,1025,971
1040,1010,983
1040,1026,882
1040,1011,1174
1040,1027,806
1040,1012,1302
1040,1028,991
1040,1013,1131
1040,1029,750
1040,1014,1579
1040,1030,795
1040,1015,1376
1040,1031,615
1040,1049,844
1040,1001,1371
1040,1048,664
1040,1000,1362
1040,1003,1259
1040,1002,1281
1040,1005,806
1040,1004,1108
1040,1007,654
1040,1006,785
1040,1041,104
1040,1040,0
1040,1043,291
1040,1042,900
1040,1045,750
1040,1044,325
1040,1047,585
1040,1046,783
1043,1016,1111
1043,1032,877
1043,1017,1161
1043,1033,814
1043,1018,1319
1043,1034,461
1043,1019,1247
1043,1035,443
1043,1020,1186
1043,1036,278
1043,1021,1043
1043,1037,383
1043,1022,942
1043,1038,323
1043,1023,912
1043,1039,221
1043,1008,776
1043,1024,943
1043,1009,974
1043,1025,1313
1043,1010,943
1043,1026,1089
1043,1011,1133
1043,1027,1013
1043,1012,1529
1043,1028,1198
1043,1013,1090
1043,1029,957
1043,1014,1538
1043,1030,1001
1043,1015,1335
1043,1031,822
1043,1049,804
1043,1001,1186
1043,1048,623
1043,1000,1177
1043,1003,1073
1043,1002,1095
1043,1005,1114
1043,1004,922
1043,1007,613
1043,1006,745
1043,1041,209
1043,1040,342
1043,1043,0
1043,1042,810
1043,1045,565
1043,1044,84
1043,1047,545
1043,1046,598
1042,1016,692
1042,1032,1254
1042,1017,742
1042,1033,1191
1042,1018,1018
1042,1034,886
1042,1019,1170
1042,1035,795
1042,1020,1269
1042,1036,917
1042,1021,1126
1042,1037,1021
1042,1022,1025
1042,1038,1220
1042,1023,1010
1042,1039,973
1042,1008,245
1042,1024,1130
1042,1009,555
1042,1025,1396
1042,1010,523
1042,1026,1301
1042,1011,714
1042,1027,1391
1042,1012,842
1042,1028,1575
1042,1013,671
1042,1029,1334
1042,1014,1119
1042,1030,1207
1042,1015,916
1042,1031,1199
1042,1049,703
1042,1001,619
1042,1048,523
1042,1000,651
1042,1003,544
1042,1002,534
1042,1005,465
1042,1004,474
1042,1007,315
1042,1006,331
1042,1041,737
1042,1040,783
1042,1043,763
1042,1042,0
1042,1045,640
1042,1044,846
1042,1047,444
1042,1046,550
1045,1016,1422
1045,1032,1580
1045,1017,1473
1045,1033,1517
1045,1018,2025
1045,1034,1164
1045,1019,1903
1045,1035,1215
1045,1020,1843
1045,1036,977
1045,1021,1699
1045,1037,1089
1045,1022,1598
1045,1038,840
1045,1023,1538
1045,1039,814
1045,1008,873
1045,1024,1646
1045,1009,1285
1045,1025,1927
1045,1010,1221
1045,1026,1792
1045,1011,1349
1045,1027,1716
1045,1012,1489
1045,1028,1901
1045,1013,1333
1045,1029,1660
1045,1014,1770
1045,1030,1704
1045,1015,1591
1045,1031,1525
1045,1049,421
1045,1001,1110
1045,1048,392
1045,1000,1101
1045,1003,998
1045,1002,1019
1045,1005,1039
1045,1004,846
1045,1007,710
1045,1006,842
1045,1041,944
1045,1040,1090
1045,1043,816
1045,1042,908
1045,1045,0
1045,1044,699
1045,1047,195
1045,1046,80
1044,1016,1407
1044,1032,1117
1044,1017,1457
1044,1033,1054
1044,1018,1423
1044,1034,576
1044,1019,1351
1044,1035,548
1044,1020,1291
1044,1036,347
1044,1021,1148
1044,1037,451
1044,1022,1047
1044,1038,281
1044,1023,1016
1044,1039,180
1044,1008,874
1044,1024,1183
1044,1009,1270
1044,1025,1418
1044,1010,1205
1044,1026,1329
1044,1011,1334
1044,1027,1254
1044,1012,1438
1044,1028,1505
1044,1013,1318
1044,1029,1197
1044,1014,1719
1044,1030,1242
1044,1015,1575
1044,1031,1062
1044,1049,942
1044,1001,1094
1044,1048,785
1044,1000,1085
1044,1003,982
1044,1002,1004
1044,1005,1023
1044,1004,831
1044,1007,711
1044,1006,1042
1044,1041,313
1044,1040,447
1044,1043,123
1044,1042,908
1044,1045,473
1044,1044,0
1044,1047,622
1044,1046,506
1047,1016,1143
1047,1032,1977
1047,1017,1194
1047,1033,1915
1047,1018,1746
1047,1034,1561
1047,1019,1898
1047,1035,1170
1047,1020,1956
1047,1036,930
1047,1021,1813
1047,1037,1035
1047,1022,1711
1047,1038,1238
1047,1023,1936
1047,1039,914
1047,1008,808
1047,1024,2044
1047,1009,1006
1047,1025,2082
1047,1010,975
1047,1026,2190
1047,1011,1370
1047,1027,2114
1047,1012,1315
1047,1028,2298
1047,1013,1389
1047,1029,2057
1047,1014,1595
1047,1030,2102
1047,1015,1635
1047,1031,1922
1047,1049,286
1047,1001,886
1047,1048,105
1047,1000,877
1047,1003,744
1047,1002,789
1047,1005,798
1047,1004,496
1047,1007,645
1047,1006,777
1047,1041,823
1047,1040,1025
1047,1043,701
1047,1042,843
1047,1045,284
1047,1044,786
1047,1047,0
1047,1046,195
1046,1016,1124
1046,1032,1665
1046,1017,1175
1046,1033,1602
1046,1018,1728
1046,1034,1249
1046,1019,1879
1046,1035,1300
1046,1020,1928
1046,1036,911
1046,1021,1785
1046,1037,1016
1046,1022,1684
1046,1038,925
1046,1023,1623
1046,1039,900
1046,1008,789
1046,1024,1731
1046,1009,988
1046,1025,2013
1046,1010,956
1046,1026,1877
1046,1011,1146
1046,1027,1802
1046,1012,1426
1046,1028,1986
1046,1013,1104
1046,1029,1745
1046,1014,1707
1046,1030,1790
1046,1015,1349
1046,1031,1610
1046,1049,337
1046,1001,1195
1046,1048,217
1046,1000,1186
1046,1003,750
1046,1002,1105
1046,1005,779
1046,1004,932
1046,1007,626
1046,1006,758
1046,1041,804
1046,1040,1006
1046,1043,682
1046,1042,824
1046,1045,85
1046,1044,785
1046,1047,111
1046,1046,0
